order_id,date,customer,region,product,quantity,unit_price,refund
SO-1001,2024-03-25,"Smith, John",South,Dock Station,2,189.99,0
SO-1002,01/02/2024,"Smith, John",north ,"Cable, USB-C",1,8.75,
SO-1003,2024-05-25,"O'Brien, Kate",North,Dock Station,3,$189.99,
SO-1004,2024-05-18,"O'Brien, Kate",EAST,"Widget, large",9,$24.50,
SO-1005,2024/06/06,Harbor Supplies,EAST,Gadget Pro,4,1299,
SO-1006,2024/03/06,Blue Fin Ltd,north ,"Widget, large",2,$24.50,
SO-1007,2024-04-11,"Zed, Inc.",EAST,Mouse,6,19.50,
SO-1008,2024-03-11,Acme Corp,East,Mouse,5,$19.50,
SO-1009,11 Jun 2024,Acme Corp, West,Gadget Pro,3,"$1,299.00",
SO-1010,2024/02/25,Harbor Supplies,North,"Widget, small",8,$12.00,
SO-1011,7 May 2024,Maria Lopez,south,"Widget, small",2,12,-12.00

SO-1012,02/01/2024,Maria Lopez,north ,Gadget Pro,6,1299,
SO-1013,2024/06/14,Maria Lopez, West,"Cable, USB-C",7,8.75,-26.25
SO-1014,2 Feb 2024,Acme Corp,North,"Widget, large",3,24.50,
SO-1015,17 Feb 2024,"Zed, Inc.",north ,Gadget Pro,8,"$1,299.00",-5196.00
SO-1016,12 Jan 2024,Blue Fin Ltd, West,Mouse, 3 ,$19.50,
SO-1017,13 Feb 2024,"Smith, John",East,Gadget Pro,9,1299,
SO-1018,05/23/2024,"O'Brien, Kate",South,"Widget, small",7,$12.00,
SO-1019,1 Jun 2024,Harbor Supplies,EAST,"Widget, small", 6 ,$12.00,
SO-1020,2024/01/04,"O'Brien, Kate",EAST,"Widget, small",8,$12.00,
SO-1021,2024-06-11,"Smith, John", West,Mouse,4,$19.50,
SO-1022,2024/01/25,Maria Lopez,East,"Widget, large",3,$24.50,-24.50
SO-1004,2024-05-18,"O'Brien, Kate",EAST,"Widget, large",12,$24.50,
SO-1023,2024/06/10,"Zed, Inc.",south,Dock Station,9,189.99,-189.99
SO-1024,04/19/2024,Acme Corp,EAST,"Widget, small",5,12,
SO-1025,14 Apr 2024,Harbor Supplies,East,Dock Station,9,189.99,
SO-1026,2024/02/01,Nguyen & Sons,north ,"Widget, large",3,$24.50,-49.00
SO-1027,2024/06/09,"Smith, John",north ,"Widget, large",4,24.5,-24.50
SO-1028,2024/01/15,"Zed, Inc.",north ,Dock Station,9,$189.99,-474.98
SO-1029,05/21/2024,Harbor Supplies,south,"Cable, USB-C",2,$8.75,
SO-1030,2024-01-05,Nguyen & Sons,East,Mouse,6,19.50,-19.50
SO-1031,04/18/2024,Nguyen & Sons,East,"Cable, USB-C",9,8.75,
SO-1032,2024/06/06,Harbor Supplies,East,"Widget, large",7,24.50,
SO-1033,2024-01-20,"Smith, John",EAST,Gadget Pro,1,"$1,299.00",
SO-1034,2024/06/21,Nguyen & Sons,north ,Dock Station,8,189.99,0

so-1018,05/23/2024,"O'Brien, Kate",South,"Widget, small",7,$12.00,
so-1018,05/23/2024,"O'Brien, Kate",South,"Widget, small",10,$12.00,
SO-1035,2 Feb 2024,Acme Corp,East,"Widget, large",5,24.50,-49.00
SO-1036,2024/04/09,Blue Fin Ltd,north ,"Widget, small",1,12.00,
SO-1037,4 Mar 2024,Blue Fin Ltd,north ,"Widget, small",5,12.00,
SO-1038,03/01/2024,Harbor Supplies,south,"Cable, USB-C",2,8.75,
SO-1039,04/22/2024,"O'Brien, Kate",EAST,"Widget, small",3,12.00,
SO-1040,12 Jan 2024,Maria Lopez,south,"Widget, large",2,$24.50,
SO-1041,2024-05-05,Harbor Supplies,south,"Widget, small", 5 ,12,
SO-1042,03/05/2024,"Zed, Inc.",south,"Widget, large",6,24.50,
SO-1043,2024-02-01,Blue Fin Ltd,South,"Widget, large",3,$24.50,0
SO-1044,06/10/2024,Maria Lopez,South,Gadget Pro,8,1299,-3897.00
SO-1045,2024-05-17,"O'Brien, Kate",North,"Widget, large",1,$24.50,-24.50
SO-1046,05/01/2024,Harbor Supplies,EAST,"Widget, large",8,24.5,
SO-1047,2024/01/15,Blue Fin Ltd,South,"Widget, large",5,24.5,
SO-1048,2024-04-07,Harbor Supplies,East,Gadget Pro,1,1299.00,
SO-1049,12 Mar 2024,Nguyen & Sons,North,"Cable, USB-C",1,8.75,
SO-1050,12 Jun 2024,Harbor Supplies, West,"Cable, USB-C",2,8.75,
SO-1051,2024-04-08,Harbor Supplies,EAST,"Cable, USB-C",4,8.75,
   
SO-1052,21 Feb 2024,Nguyen & Sons,north ,Mouse,9,$19.50,
SO-1053,2024-04-03,Harbor Supplies,East,"Cable, USB-C",7,$8.75,
SO-1054,13 Jan 2024,"Zed, Inc.",South,"Cable, USB-C",2,8.75,
SO-1041 ,2024-05-05,Harbor Supplies,south,"Widget, small",8,12,
SO-1055,2024/03/02,Maria Lopez,South,Dock Station,2,189.99,
SO-1056,11 Mar 2024,Nguyen & Sons,south,Gadget Pro,7,"$1,299.00",
SO-1057,01/25/2024,"Smith, John",North,Mouse,7,$19.50,
SO-1058,04/09/2024,Nguyen & Sons, West,"Cable, USB-C",6,8.75,
SO-1059,4 Mar 2024,Harbor Supplies,north ,Mouse,7,19.5,-117.00
SO-1060,8 Apr 2024,Harbor Supplies, West,"Widget, small",9,12.00,-24.00
SO-1061,03/05/2024,Acme Corp,East,"Cable, USB-C",7,$8.75,
SO-1062,10 Jan 2024,Nguyen & Sons,East,Dock Station,9,$189.99,

SO-1063,2024/02/11,Maria Lopez,EAST,"Widget, large", 3 ,$24.50,-36.75
SO-1064,2024/01/09,Harbor Supplies,south,"Widget, large",4,24.50,-12.25
SO-1065,2024-01-20,Blue Fin Ltd,south,Mouse,5,19.50,
SO-1066,01/10/2024,Maria Lopez,EAST,"Widget, small",1,$12.00,-6.00
SO-1067,2024/06/20,"O'Brien, Kate",north ,"Widget, small",1,12.00,
SO-1068,2024/02/11,"Smith, John",EAST,"Widget, small",7,$12.00,
SO-1069,2024/06/11,"O'Brien, Kate",North,Gadget Pro,9,1299.00,-10392.00
SO-1070,5 Feb 2024,"Smith, John",north ,"Cable, USB-C", 3 ,8.75,
SO-1059 ,4 Mar 2024,Harbor Supplies,north ,Mouse,7,19.5,-117.00
SO-1071,2024-05-07,"O'Brien, Kate",North,Dock Station,3,$189.99,
SO-1072,2024-06-16,Nguyen & Sons,EAST,"Widget, small",3,$12.00,
SO-1073,24 Jun 2024,Harbor Supplies,south,"Widget, large",1,24.50,-12.25
SO-1074,2024/05/19,"Zed, Inc.",South,Gadget Pro,7,1299,-3897.00
SO-1075,2024/04/06,Acme Corp,East,"Cable, USB-C",4,8.75,

